{
  "version": 1,
  "author": "Uri Shaked",
  "editor": "wokwi",
  "parts": [
    { "type": "wokwi-esp32-devkit-v1", "id": "esp", "top": -37.58, "left": -96.37, "attrs": {} },
    {
      "type": "wokwi-dht22",
      "id": "dht1",
      "top": -32.2,
      "left": 40.16,
      "attrs": { "temperature": "26.7", "humidity": "50.5" }
    }
  ],
  "connections": [
    [ "esp:TX0", "$serialMonitor:RX", "", [] ],
    [ "esp:RX0", "$serialMonitor:TX", "", [] ],
    [ "dht1:SDA", "esp:D15", "green", [ "v0" ] ],
    [ "dht1:GND", "esp:GND.1", "black", [ "v0" ] ],
    [ "dht1:VCC", "esp:VIN", "red", [ "v3.7", "h-26.36", "v-153.6", "h-144", "v182.4" ] ]
  ],
  "dependencies": {}
}